{"a": [-10.024330476458994, 2.8253476665378057, -11.154258317981824, -1.2204768412707074, -14.216610399405775, 1.5063748571211242, -3.2477141158830123, 0.5761824536631499, -4.635623375961247, -0.18522142220031046, 4.092649244944526, -2.074953090510576, 3.702360559699306, 0.062052662011156626, -0.019196166497770117, -0.006583107027374752, 0.011414143343197866, -0.003390465682492563, 0.028437768563712197, -0.03442511310452253, -0.010877405043080626, 0.006790132682671216, -0.0053570677557882316, -0.02470727602834983, 0.007201079129200315, 0.008370599638652191, -0.003264582519085457, 0.0013933612580790157, -0.00455438079425871, -0.004791336934116547, -0.004185141408624129, -0.004349187435657351, -0.0036444755137390815, -0.0019189615901025214, -0.0010359215702792624, -0.0044731642381070575, -0.0033011833481414767, 0.002087244461830925, -0.003670082777180611], "e": [-10.104029597610706, 1.5914627095297582, -11.038910887430621, 7.3104872672005135, -6.93626965397566, -3.781735964220115, -17.56097179270888, -7.934518163162325, -0.4980256693252738, 2.521279061237392, -0.6805004789205525, -4.581552686581269, 6.172380396989611, 0.06981981650256924, 0.007698810182563701, -0.022358496135627928, 0.029589301996800734, -0.001115866259020266, 0.014338620932943786, -0.01314444732037479, 0.0061002839317844375, -0.004030190751265012, 0.004993522327913141, 0.005428228801282656, 0.018033133144408714, 0.015284970506182258, -0.004994654219294187, -0.0017095211624171462, -0.001202291999664207, -0.004485472047100321, -0.0025242630689883304, 0.0015847020985050287, 0.005851930528121811, 0.0035112937845513236, -0.004037674611643051, -0.0012370333371971032, 0.0005343309697708129, -0.0030022141053290628, -0.005039741371614616], "i": [-10.25486386433126, 0.498833020550554, -7.14959744541373, 12.272633589073397, -4.154495068362456, 1.0102810010577064, -12.816297578624784, -3.8052903085886336, -9.525791931894814, -4.272726747832801, -4.057972020552486, -7.365463758117917, 2.7084190963468777, 0.07102297109461438, 0.0029701487162290927, -0.022896127670173554, 0.04195684794316656, 0.0007234325243444977, 0.02387997681497979, -0.007967943222545274, 0.0006711337851353146, -0.006088393573384913, -0.025768564258035406, -0.024839954609065056, 0.005197868510376568, 0.00043140255486811684, -0.0037673146145496073, 0.0020812264746691046, -0.005274751727044327, -0.0017865986556679652, -0.008994888302338626, 0.0025766717671027377, 0.0009707521290556151, -0.0020896047594216897, 0.0009843285556653846, -0.001699806505890931, -9.689502133025161e-05, 0.009392540079625668, 0.0029859593324093174], "o": [-9.633564349655767, 5.827905238830194, -6.171826840865249, 2.2304248490774534, -17.40501853726977, -4.769454890282688, -11.619066043764908, -0.05189284669166556, -2.2057163647048545, 2.2189558596229415, 0.21985692504115448, -5.871537202082354, 5.0267876913462075, 0.0753129921225484, -0.0007485488766790782, -0.030637962409083987, 0.022085208849304722, -0.01345885150647824, 0.016514101362176598, -0.013781801886732737, 0.01562845458335716, 0.008698495119883284, -0.0049453808255957455, 2.4558954366232138e-05, 0.004778660943819625, -0.0018436421226957832, -0.005139293475308719, 0.0002435925438870733, -0.0017103772614199223, -0.001450335836779848, 0.004370722546188102, 0.0012867676353771574, 0.003507327928976353, -0.0040968740342386374, -0.0037504688053580618, -0.0006838203133151065, 0.00266187553038188, 0.0023868268261448044, -0.005903250626896496], "u": [-10.397955248393167, 4.714670350837658, -1.3580988134216245, 4.919790503152495, -12.956172358737087, -0.2401604234530923, -11.731324591804388, -4.602373016530112, -9.308335834918104, -1.7590492526728938, -1.3921528177735871, -7.542584068059749, 1.328832718692074, 0.07359552841781988, 0.031253185322605036, 0.003668225243696318, 0.019105184017680542, -0.004538212562677783, 0.00282737631991665, -0.019927289436870742, -0.003090316465017872, -0.029614498402148838, -0.014699612017927233, -0.019658787622978312, -0.008892254710379405, -9.934151490001535e-05, -0.006346126073549908, -0.009220303237667305, -0.014399827836036529, -0.00975438561287651, -0.007245508359664501, -0.0019512757134859777, 0.001716550134542964, -0.0008958332398629685, 0.010210269156913743, -0.002898541594776256, -0.0005891595270395184, 0.0024385615750585005, -0.0005020985228399979]}